Workbook
Name Slicer_Status: #N/A

Sheet HOME

Sheet JOB_DATABASE
A1: Job ID | B1: Company | C1: Job Role | D1: Industry | E1: Location | F1: Work Mode | G1: Salary | H1: Status | I1: Salary Score | J1: Excel | K1: SQL | L1: Power BI | M1: Python | N1: AWS | O1: Skill Match % | P1: Location Score | Q1: Work Mode Score | R1: Final Score | S1: Learning Score | T1: Final | U1: Recommendation
A2: J001 | B2: ABC Tech | C2: Data Analyst | D2: Banking | E2: Chennai | F2: Hybrid | G2: 450000 | H2: Applied | I2: =IF(G2>=500000,30,IF(G2>=400000,20,10)) -> 20 | J2: 1 | K2: 1 | L2: 1 | M2: 0 | N2: 0 | O2: =SUM(J2*SKILL_DATABASE!$B$2,K2*SKILL_DATABASE!$B$3,L2*SKILL_DATABASE!$B$4,M2*SKILL_DATABASE!$B$5,N2*SKILL_DATABASE!$B$6)/(SUM(J2:N2)*3) -> 0.77777778 | P2: =IF(E2="Chennai",15,IF(E2="Coimbatore",15,IF(E2="Bangalore",10,5))) -> 15 | Q2: =IF(F2="Remote",10,IF(F2="Hybrid",9,7)) -> 9 | R2: =I2+(O2*30)+P2+Q2 -> 67.333333 | S2: =IF(OR(C2="Data Analyst",C2="Business Analyst",C2="Finance Analyst"),15,10) -> 15 | T2: =I2+(O2*30)+P2+Q2+S2 -> 82.333333 | U2: =IF(T2>=80,"HIGH PRIORITY",IF(T2>=60,"GOOD",IF(T2>=40,"CONSIDER","LOW PRIORITY"))) -> HIGH PRIORITY
A3: J002 | B3: XYZ Ltd | C3: Business Analyst | D3: Finance | E3: Bangalore | F3: Office | G3: 500000 | H3: Interview | I3: =IF(G3>=500000,30,IF(G3>=400000,20,10)) -> 30 | J3: 1 | K3: 1 | L3: 1 | M3: 1 | N3: 0 | O3: =SUM(J3*SKILL_DATABASE!$B$2,K3*SKILL_DATABASE!$B$3,L3*SKILL_DATABASE!$B$4,M3*SKILL_DATABASE!$B$5,N3*SKILL_DATABASE!$B$6)/(SUM(J3:N3)*3) -> 0.75 | P3: =IF(E3="Chennai",15,IF(E3="Coimbatore",15,IF(E3="Bangalore",10,5))) -> 10 | Q3: =IF(F3="Remote",10,IF(F3="Hybrid",9,7)) -> 7 | R3: =I3+(O3*30)+P3+Q3 -> 69.5 | S3: =IF(OR(C3="Data Analyst",C3="Business Analyst",C3="Finance Analyst"),15,10) -> 15 | T3: =I3+(O3*30)+P3+Q3+S3 -> 84.5 | U3: =IF(T3>=80,"HIGH PRIORITY",IF(T3>=60,"GOOD",IF(T3>=40,"CONSIDER","LOW PRIORITY"))) -> HIGH PRIORITY
A4: J003 | B4: GreenCare | C4: Data Analyst | D4: Healthcare | E4: Coimbatore | F4: Remote | G4: 400000 | H4: Not Applied | I4: =IF(G4>=500000,30,IF(G4>=400000,20,10)) -> 20 | J4: 1 | K4: 1 | L4: 1 | M4: 1 | N4: 0 | O4: =SUM(J4*SKILL_DATABASE!$B$2,K4*SKILL_DATABASE!$B$3,L4*SKILL_DATABASE!$B$4,M4*SKILL_DATABASE!$B$5,N4*SKILL_DATABASE!$B$6)/(SUM(J4:N4)*3) -> 0.75 | P4: =IF(E4="Chennai",15,IF(E4="Coimbatore",15,IF(E4="Bangalore",10,5))) -> 15 | Q4: =IF(F4="Remote",10,IF(F4="Hybrid",9,7)) -> 10 | R4: =I4+(O4*30)+P4+Q4 -> 67.5 | S4: =IF(OR(C4="Data Analyst",C4="Business Analyst",C4="Finance Analyst"),15,10) -> 15 | T4: =I4+(O4*30)+P4+Q4+S4 -> 82.5 | U4: =IF(T4>=80,"HIGH PRIORITY",IF(T4>=60,"GOOD",IF(T4>=40,"CONSIDER","LOW PRIORITY"))) -> HIGH PRIORITY
A5: J004 | B5: TechPro | C5: MIS Analyst | D5: IT | E5: Chennai | F5: Hybrid | G5: 380000 | H5: Applied | I5: =IF(G5>=500000,30,IF(G5>=400000,20,10)) -> 10 | J5: 1 | K5: 1 | L5: 1 | M5: 0 | N5: 0 | O5: =SUM(J5*SKILL_DATABASE!$B$2,K5*SKILL_DATABASE!$B$3,L5*SKILL_DATABASE!$B$4,M5*SKILL_DATABASE!$B$5,N5*SKILL_DATABASE!$B$6)/(SUM(J5:N5)*3) -> 0.77777778 | P5: =IF(E5="Chennai",15,IF(E5="Coimbatore",15,IF(E5="Bangalore",10,5))) -> 15 | Q5: =IF(F5="Remote",10,IF(F5="Hybrid",9,7)) -> 9 | R5: =I5+(O5*30)+P5+Q5 -> 57.333333 | S5: =IF(OR(C5="Data Analyst",C5="Business Analyst",C5="Finance Analyst"),15,10) -> 10 | T5: =I5+(O5*30)+P5+Q5+S5 -> 67.333333 | U5: =IF(T5>=80,"HIGH PRIORITY",IF(T5>=60,"GOOD",IF(T5>=40,"CONSIDER","LOW PRIORITY"))) -> GOOD
A6: J005 | B6: FinServe | C6: Finance Analyst | D6: Finance | E6: Bangalore | F6: Office | G6: 550000 | H6: Not Applied | I6: =IF(G6>=500000,30,IF(G6>=400000,20,10)) -> 30 | J6: 1 | K6: 1 | L6: 1 | M6: 0 | N6: 0 | O6: =SUM(J6*SKILL_DATABASE!$B$2,K6*SKILL_DATABASE!$B$3,L6*SKILL_DATABASE!$B$4,M6*SKILL_DATABASE!$B$5,N6*SKILL_DATABASE!$B$6)/(SUM(J6:N6)*3) -> 0.77777778 | P6: =IF(E6="Chennai",15,IF(E6="Coimbatore",15,IF(E6="Bangalore",10,5))) -> 10 | Q6: =IF(F6="Remote",10,IF(F6="Hybrid",9,7)) -> 7 | R6: =I6+(O6*30)+P6+Q6 -> 70.333333 | S6: =IF(OR(C6="Data Analyst",C6="Business Analyst",C6="Finance Analyst"),15,10) -> 15 | T6: =I6+(O6*30)+P6+Q6+S6 -> 85.333333 | U6: =IF(T6>=80,"HIGH PRIORITY",IF(T6>=60,"GOOD",IF(T6>=40,"CONSIDER","LOW PRIORITY"))) -> HIGH PRIORITY

Sheet PIVOT_ANALYSIS
A3: Row Labels | B3: Count of Application ID
A4: Interview | B4: 1
A5: Rejected | B5: 1
A6: Grand Total | B6: 2

Sheet PIVOT_ANALYSIS1
A3: Row Labels | B3: Count of Application ID
A4: Business Analyst | B4: 1
A5: Data Analyst | B5: 2
A6: Finance Analyst | B6: 1
A7: MIS Analyst | B7: 1
A8: Grand Total | B8: 5

Sheet PIVOT_ROLE
E34: Row Labels | F34: Count of Application ID
E35: Business Analyst | F35: 1
E36: Data Analyst | F36: 2
E37: Finance Analyst | F37: 1
E38: MIS Analyst | F38: 1
E39: Grand Total | F39: 5

Sheet APPLICATIONS
A1: Application ID | B1: Job ID | C1: Company | D1: Job Role | E1: Applied Date | F1: Status | G1: Days Waiting | H1: Follow Up | I1: Interview Date | J1: Result
A2: A001 | B2: J001 | C2: =_xlfn.XLOOKUP(B2,JOB_DATABASE!A:A,JOB_DATABASE!B:B,"Not Found") -> ABC Tech | D2: =_xlfn.XLOOKUP(B2,JOB_DATABASE!A:A,JOB_DATABASE!C:C,"Not Found") -> Data Analyst | E2: 46254 | F2: Applied | G2: =TODAY()-E2 -> 13 | H2: =IF(AND(G2>=7,F2="Applied"),"FOLLOW UP","WAIT") -> FOLLOW UP | J2: Pending
A3: A002 | B3: J002 | C3: XYZ Ltd | D3: Business Analyst | E3: 46256 | F3: Interview | G3: =TODAY()-E3 -> 11 | H3: =IF(AND(G3>=7,F3="Applied"),"FOLLOW UP","WAIT") -> WAIT | I3: 46267 | J3: Pending
A4: A003 | B4: J003 | C4: GreenCare | D4: Data Analyst | E4: 46258 | F4: Applied | G4: =TODAY()-E4 -> 9 | H4: =IF(AND(G4>=7,F4="Applied"),"FOLLOW UP","WAIT") -> FOLLOW UP | J4: Pending
A5: A004 | B5: J004 | C5: TechPro | D5: MIS Analyst | E5: 46259 | F5: Rejected | G5: =TODAY()-E5 -> 8 | H5: =IF(AND(G5>=7,F5="Applied"),"FOLLOW UP","WAIT") -> WAIT | J5: Pending
A6: A005 | B6: J005 | C6: FinServe | D6: Finance Analyst | E6: 46261 | F6: Applied | G6: =TODAY()-E6 -> 6 | H6: =IF(AND(G6>=7,F6="Applied"),"FOLLOW UP","WAIT") -> WAIT | J6: Pending

Sheet PIVOT_INTERVIEW
A3: Row Labels | B3: Average of Technical | C3: Average of Communication | D3: Average of Overall Score
A4: HR | B4: 70 | C4: 75 | D4: 72.5
A5: Grand Total | B5: 70 | C5: 75 | D5: 72.5

Sheet INTERVIEWS
A1: Interview ID | B1: Job ID | C1: Company | D1: Job Role | E1: Interview Date | F1: Round | G1: Technical | H1: Communication | I1: Overall Score | J1: Result | K1: Weak Area
A2: INT001 | B2: J002 | C2: XYZ Ltd | D2: Business Analyst | E2: 46267 | F2: HR | G2: 70 | H2: 75 | I2: =AVERAGE(G2:H2) -> 72.5 | J2: Pending | K2: Technical
B34: Location
B35: Work Mode
B36: Salary
B37: Skill Match
B38: Final Score
B39: Recommendation

Sheet DASHBOARD
B2: CAREER COMMAND CENTER
B3: Job Opportunity & Interview Decision System
B5: TOTAL APPLICATIONS | D5: INTERVIEWS | F5: SELECTED | H5: REJECTED
B6: =COUNTA(APPLICATIONS!A2:A100) -> 5 | D6: =COUNTIF(APPLICATIONS!F2:F100,"Interview") -> 1 | F6: =COUNTIF(APPLICATIONS!J2:J100,"Selected") -> 0 | H6: 1
B8: AVERAGE JOB SCORE | D8: AVERAGE SKILL MATCH
B9: =AVERAGE(JOB_DATABASE!T2:T100) -> 80.4 | D9: =AVERAGE(JOB_DATABASE!O2:O100) -> 0.76666667
B27: JOB RECOMMENDATION
B29: J001 | C29: J004
B31: Company | C31: =_xlfn.XLOOKUP($C$29,JOB_DATABASE!$A:$A,JOB_DATABASE!$B:$B,"Not Found") -> TechPro
B32: Job Role | C32: =_xlfn.XLOOKUP($C$29,JOB_DATABASE!$A:$A,JOB_DATABASE!$C:$C,"Not Found") -> MIS Analyst
B33: Industry | C33: =_xlfn.XLOOKUP($C$29,JOB_DATABASE!$A:$A,JOB_DATABASE!$D:$D,"Not Found") -> IT
B34: Location | C34: =_xlfn.XLOOKUP($C$29,JOB_DATABASE!$A:$A,JOB_DATABASE!$E:$E,"Not Found") -> Chennai
B35: Work Mode | C35: =_xlfn.XLOOKUP($C$29,JOB_DATABASE!$A:$A,JOB_DATABASE!$F:$F,"Not Found") -> Hybrid
B36: Salary | C36: =_xlfn.XLOOKUP($C$29,JOB_DATABASE!$A:$A,JOB_DATABASE!$G:$G,"Not Found") -> 380000
B37: Skill Match | C37: =_xlfn.XLOOKUP($C$29,JOB_DATABASE!$A:$A,JOB_DATABASE!$O:$O,"Not Found") -> 0.77777778
B38: Final Score | C38: =_xlfn.XLOOKUP($C$29,JOB_DATABASE!$A:$A,JOB_DATABASE!$T:$T,"Not Found") -> 67.333333
B39: Recommendation | C39: =_xlfn.XLOOKUP($C$29,JOB_DATABASE!$A:$A,JOB_DATABASE!$U:$U,"Not Found") -> GOOD
B42: TOP RECOMMENDED JOB
B43: =MAX(JOB_DATABASE!T2:T100) -> 85.333333 | C43: =INDEX(JOB_DATABASE!A2:A100,MATCH(B43,JOB_DATABASE!T2:T100,0)) -> J005
B44: Company | C44: =_xlfn.XLOOKUP($C$43,JOB_DATABASE!$A:$A,JOB_DATABASE!$B:$B,"Not Found") -> FinServe
B45: Job Role | C45: =_xlfn.XLOOKUP($C$43,JOB_DATABASE!$A:$A,JOB_DATABASE!$C:$C,"Not Found") -> Finance Analyst
B46: Recommendation | C46: =_xlfn.XLOOKUP($C$43,JOB_DATABASE!$A:$A,JOB_DATABASE!$U:$U,"Not Found") -> HIGH PRIORITY
B52: Applications → Track job applications and status
B53: Job Database → Compare opportunities and job scores
B54: Skill Database → Identify skill gaps
B55: What-If Analysis → Test the impact of improving skills
B56: Dashboard → Make data-driven career decisions

Sheet SKILL_DATABASE
A1: Skill | B1: My Skill | C1: Jobs Requiring Skill | D1: Priority | E1: Action
A2: Excel | B2: 3 | C2: =SUM(JOB_DATABASE!J2:J6) -> 5 | D2: =IF(AND(B2<3,C2>=3),"HIGH",IF(AND(B2<3,C2>=2),"MEDIUM","LOW")) -> LOW | E2: =IF(D2="HIGH","LEARN NOW",IF(D2="MEDIUM","IMPROVE","MAINTAIN")) -> MAINTAIN
A3: SQL | B3: 2 | C3: =SUM(JOB_DATABASE!K2:K6) -> 5 | D3: =IF(AND(B3<3,C3>=3),"HIGH",IF(AND(B3<3,C3>=2),"MEDIUM","LOW")) -> HIGH | E3: =IF(D3="HIGH","LEARN NOW",IF(D3="MEDIUM","IMPROVE","MAINTAIN")) -> LEARN NOW
A4: Power BI | B4: 2 | C4: =SUM(JOB_DATABASE!L2:L6) -> 5 | D4: =IF(AND(B4<3,C4>=3),"HIGH",IF(AND(B4<3,C4>=2),"MEDIUM","LOW")) -> HIGH | E4: =IF(D4="HIGH","LEARN NOW",IF(D4="MEDIUM","IMPROVE","MAINTAIN")) -> LEARN NOW
A5: Python | B5: 2 | C5: =SUM(JOB_DATABASE!M2:M6) -> 2 | D5: =IF(AND(B5<3,C5>=3),"HIGH",IF(AND(B5<3,C5>=2),"MEDIUM","LOW")) -> MEDIUM | E5: =IF(D5="HIGH","LEARN NOW",IF(D5="MEDIUM","IMPROVE","MAINTAIN")) -> IMPROVE
A6: AWS | B6: 3 | C6: =SUM(JOB_DATABASE!N2:N6) -> 0 | D6: =IF(AND(B6<3,C6>=3),"HIGH",IF(AND(B6<3,C6>=2),"MEDIUM","LOW")) -> LOW | E6: =IF(D6="HIGH","LEARN NOW",IF(D6="MEDIUM","IMPROVE","MAINTAIN")) -> MAINTAIN

Sheet WHAT_IF
A1: Scenario | B1: SQL | C1: Power BI | D1: Python | E1: Skill Match %
A2: Current | B2: 2 | C2: 2 | D2: 2 | E2: =SUM(B2:D2)/(3*3) -> 0.66666667
A3: SQL Focus | B3: 3 | C3: 2 | D3: 2 | E3: =SUM(B3:D3)/(3*3) -> 0.77777778
A4: Power BI Focus | B4: 2 | C4: 3 | D4: 2 | E4: =SUM(B4:D4)/(3*3) -> 0.77777778
A5: All Improved | B5: 3 | C5: 3 | D5: 3 | E5: =SUM(B5:D5)/(3*3) -> 1
A7: Test Job ID | B7: J002
A8: Job Role | B8: =_xlfn.XLOOKUP(B7,JOB_DATABASE!A:A,JOB_DATABASE!C:C,"Not Found") -> Business Analyst
A9: Required Skills | B9: {=_xlfn.TEXTJOIN(", ",TRUE,IF(JOB_DATABASE!J2:N2=1,JOB_DATABASE!J$1:N$1,""))} -> Excel, SQL, Power BI
A10: Current Skill Match | B10: =SUM(JOB_DATABASE!J2*SKILL_DATABASE!B2,JOB_DATABASE!K2*B2,JOB_DATABASE!L2*C2,JOB_DATABASE!M2*D2,JOB_DATABASE!N2*SKILL_DATABASE!B6)/(SUM(JOB_DATABASE!J2:N2)*3) -> 0.77777778
A11: SQL Focus Match | B11: =SUM(JOB_DATABASE!J2*SKILL_DATABASE!B2,JOB_DATABASE!K2*B3,JOB_DATABASE!L2*C3,JOB_DATABASE!M2*D3,JOB_DATABASE!N2*SKILL_DATABASE!B6)/(SUM(JOB_DATABASE!J2:N2)*3) -> 0.88888889
A12: Power BI Focus Match | B12: =SUM(JOB_DATABASE!J2*SKILL_DATABASE!B2,JOB_DATABASE!K2*B4,JOB_DATABASE!L2*C4,JOB_DATABASE!M2*D4,JOB_DATABASE!N2*SKILL_DATABASE!B6)/(SUM(JOB_DATABASE!J2:N2)*3) -> 0.88888889
A13: All Improved Match | B13: =SUM(JOB_DATABASE!J2*SKILL_DATABASE!B2,JOB_DATABASE!K2*B5,JOB_DATABASE!L2*C5,JOB_DATABASE!M2*D5,JOB_DATABASE!N2*SKILL_DATABASE!B6)/(SUM(JOB_DATABASE!J2:N2)*3) -> 1
